driver_id,total_fare,avg_distance
87,101.64,27.58
64,152.76,7.8100000000000005
30,142.84,48.25
59,7.11,6.62
96,345.23,28.75666666666667
43,116.99,16.83
5,72.86,5.38
27,118.06,7.36
61,65.4,35.92
78,80.86,48.43
60,6.16,44.2
23,19.99,45.47
41,139.66,14.82
95,143.13,38.765
25,42.89,49.05
44,56.06,8.56
92,15.28,33.58
24,66.75,44.95
32,133.84,9.4
37,74.06,23.66
39,134.23,20.439999999999998
14,201.45,19.21
72,125.13,29.42
2,92.81,43.46
57,77.85,27.98
