driver_id,total_fare,avg_distance
42,132.57,17.43
73,83.33,49.12
34,8.46,23.26
99,108.64,9.12
5,90.21000000000001,8.385
27,150.52,22.12
75,12.5,43.07
41,274.52,19.52
38,47.9,17.66
44,146.10000000000002,13.02
53,144.39,30.93
56,123.81,48.73
10,108.09,41.55
