driver_id,total_fare,avg_distance
11,19.02,20.35
3,122.45,25.71
52,100.13,6.35
77,180.64999999999998,23.54
60,78.13,43.46
93,97.78,2.97
44,164.19000000000003,17.80666666666667
82,30.77,20.65
58,65.42,16.87
4,89.79,21.56
21,55.5,44.53
76,120.34,49.29
