driver_id,total_fare,avg_distance
42,175.44,11.77
59,68.98,28.009999999999998
52,203.48,7.975
31,110.19,25.73
68,71.83,7.44
56,179.01,44.285
49,85.69,43.23
63,135.59,21.87
65,117.22,29.87
39,153.01999999999998,14.79
50,108.8,38.18
